Itemsets,Utility,Support
DOTCOM POSTAGE,206248.77000000008,0.03917651628655457
"JUMBO BAG RED RETROSPOT, DOTCOM POSTAGE",167770.11000000002,0.026913045890905055
"SUKI  SHOULDER BAG, DOTCOM POSTAGE",148956.70999999988,0.018644914266688864
"GREEN REGENCY TEACUP AND SAUCER, DOTCOM POSTAGE",142532.81000000008,0.018367460185339326
"JAM MAKING SET PRINTED, DOTCOM POSTAGE",141646.24000000002,0.01642528161589257
REGENCY CAKESTAND 3 TIER,140585.34000000008,0.09350202541479385
"RECYCLING BAG RETROSPOT, DOTCOM POSTAGE",139568.4799999999,0.01875589589922868
"RED TOADSTOOL LED NIGHT LIGHT, DOTCOM POSTAGE",137813.7500000001,0.017368625492480996
"DOTCOM POSTAGE, JUMBO STORAGE BAG SUKI",133112.21999999997,0.021918872426613396
"JUMBO SHOPPER VINTAGE RED PAISLEY, DOTCOM POSTAGE",132308.44999999998,0.02014316630597636
"DOTCOM POSTAGE, JUMBO BAG WOODLAND ANIMALS",129979.01999999997,0.020032184673436548
"ROSES REGENCY TEACUP AND SAUCER, DOTCOM POSTAGE",129405.46000000014,0.015925864269463404
"DOTCOM POSTAGE, NATURAL SLATE HEART CHALKBOARD",127572.95999999995,0.016092336718273127
"JAM MAKING SET WITH JARS, DOTCOM POSTAGE",127339.97999999994,0.014094667332556461
"DOTCOM POSTAGE, RECIPE BOX PANTRY YELLOW DESIGN",124411.45000000001,0.013983685700016648
"WHITE HANGING HEART T-LIGHT HOLDER, DOTCOM POSTAGE",124015.34999999995,0.015093502025414793
"SUKI  SHOULDER BAG, JAM MAKING SET PRINTED, DOTCOM POSTAGE",123932.37000000007,0.011597580600410632
"JUMBO BAG RED RETROSPOT, SUKI  SHOULDER BAG, DOTCOM POSTAGE",123603.79999999999,0.013817213251206925
"JUMBO BAG PINK POLKADOT, DOTCOM POSTAGE",121094.81999999998,0.01914433161311803
"JUMBO BAG RED RETROSPOT, RECYCLING BAG RETROSPOT, DOTCOM POSTAGE",120395.88999999985,0.014150158148826369
